Código,Administradora,Tipo,Crédito,Entrada,Qtd Parcelas,Valor Parcela,Vencimento,Status
1001,Porto Seguro,Imóvel,"R$ 150.000,00","R$ 45.000,00",120,"R$ 1.350,00",10,Disponível
1002,Itaú,Imóvel,"R$ 220.000,00","R$ 68.000,00",150,"R$ 1.720,50",15,Disponível
1003,Bradesco,Imóvel,"R$ 310.500,00","R$ 95.000,00",180,"R$ 1.980,00",20,Reservada
1004,Caixa,Imóvel,"R$ 180.000,00","R$ 52.300,00",140,"R$ 1.210,00",5,Disponível
1005,Santander,Imóvel,"R$ 400.000,00","R$ 130.000,00",190,"R$ 2.450,00",25,Disponível
1006,Rodobens,Imóvel,"R$ 95.000,00","R$ 28.000,00",100,"R$ 890,00",10,Disponível
1007,Embracon,Imóvel,"R$ 260.000,00","R$ 79.900,00",160,"R$ 1.830,00",15,Vendida
1008,Porto Seguro,Imóvel,"R$ 500.000,00","R$ 165.000,00",200,"R$ 2.900,00",20,Disponível
1009,Itaú,Imóvel,"R$ 125.000,00","R$ 36.500,00",110,"R$ 1.150,00",10,Disponível
1010,Canopus,Imóvel,"R$ 350.000,00","R$ 110.000,00",180,"R$ 2.100,00",5,Disponível
